player_id,name,team_id,team,called_pitches,strike_rate,framing_runs
641680,Jonah Heim,133,Athletics,5605.0,0.4418254764292879,-1.68944362234482
624431,Jose Trevino,113,Cincinnati Reds,3494.0,0.46271050521251,1.6131827020289982
672515,Gabriel Moreno,109,Arizona Diamondbacks,7065.0,0.4689088775909268,5.030264024611781
665966,Carlos Narváez,110,Baltimore Orioles,6128.0,0.4624944518419884,1.9716551936103976
672275,Patrick Bailey,114,Cleveland Guardians,7174.0,0.4745892243026366,4.553868652577061
665804,Miguel Amaya,112,Chicago Cubs,4693.0,0.4798127559976594,1.3106164757153205
694212,Samuel Basallo,110,Baltimore Orioles,4311.0,0.441233140655106,-5.747797753705101
686948,Drake Baldwin,144,Atlanta Braves,5670.0,0.4691474328780028,1.94657188953878
657136,Connor Wong,111,Boston Red Sox,4440.0,0.4177362893815636,-7.763488689319153
663743,Nick Fortes,139,Tampa Bay Rays,5748.0,0.4726487523992322,-1.8072297398857549
676439,Hunter Feduccia,119,Los Angeles Dodgers,5062.0,0.4723538704581358,4.585478430504567
595978,Austin Hedges,114,Cleveland Guardians,5264.0,0.4888178913738019,1.989496572626561
681351,Logan O'Hoppe,140,Texas Rangers,5471.0,0.4288537549407115,-10.713309723932309
687221,Dalton Rushing,119,Los Angeles Dodgers,3900.0,0.4467787114845938,-2.712800951406856
592663,J.T. Realmuto,143,Philadelphia Phillies,9037.0,0.4699537750385208,-0.0983830139339179
666023,Freddy Fermin,135,San Diego Padres,5735.0,0.4695735505510301,2.9491717765063394
691011,Drew Romo,145,Chicago White Sox,4411.0,0.4564526382708201,0.467823189270093
521692,Salvador Perez,118,Kansas City Royals,3316.0,0.4227970897332255,-6.46596124649289
682626,Francisco Alvarez,121,New York Mets,6231.0,0.4676094890510949,2.22474116544616
691788,Joe Mack,146,Miami Marlins,6616.0,0.4883148831488315,5.056068287783595
623168,Tyler Heineman,108,Los Angeles Angels,4506.0,0.4868585732165206,5.827676500729712
671056,Iván Herrera,138,St. Louis Cardinals,4142.0,0.4691689008042895,-1.0238592086870282
661388,William Contreras,158,Milwaukee Brewers,9064.0,0.4621972829297106,-6.563004678861315
691740,Daniel Susac,137,San Francisco Giants,3136.0,0.5037910699241785,5.605156673233959
620443,Luis Torrens,121,New York Mets,5674.0,0.473091976516634,5.377297091521815
680777,Ryan Jeffers,142,Minnesota Twins,5855.0,0.4564606741573033,-1.3658298913888944
673237,Yainer Diaz,117,Houston Astros,6298.0,0.4353799914126234,-4.214078042866869
680779,Henry Davis,134,Pittsburgh Pirates,6507.0,0.4757118927973199,0.1762898616283808
660688,Keibert Ruiz,120,Washington Nationals,7111.0,0.4876422126324048,2.817714295099245
689414,Liam Hicks,139,Tampa Bay Rays,4416.0,0.4780185758513932,1.3725845786866775
669257,Will Smith,119,Los Angeles Dodgers,4225.0,0.4820742637644046,-1.3699075132805705
672386,Alejandro Kirk,141,Toronto Blue Jays,5350.0,0.4869655891553702,7.020308069266729
664954,Brett Sullivan,115,Colorado Rockies,4528.0,0.4360636417206835,-4.326144596096512
700337,Edgar Quero,145,Chicago White Sox,3977.0,0.453083109919571,-3.945787297643251
701852,Drew Cavanaugh,137,San Francisco Giants,3289.0,0.4307692307692308,-3.6043639101250746
686452,Drew Millas,120,Washington Nationals,3352.0,0.5045643153526971,3.9864600067671887
663886,Tyler Stephenson,113,Cincinnati Reds,8570.0,0.4346868114573497,-9.740969614002314
663728,Cal Raleigh,136,Seattle Mariners,7091.0,0.4543704274162495,-4.351291902162364
678218,Brandon Valenzuela,141,Toronto Blue Jays,5373.0,0.4916054564533053,8.249810300726987
669134,Luis Campusano,135,San Diego Padres,3941.0,0.443010752688172,-4.429942019807207
596142,Gary Sánchez,158,Milwaukee Brewers,2884.0,0.4575786463298379,-1.7253756516694403
668670,Jake Rogers,145,Chicago White Sox,3599.0,0.4740356083086053,-0.2190385991113638
669127,Shea Langeliers,133,Athletics,5774.0,0.4366397721879449,-4.873911665734722
605170,Victor Caratini,142,Minnesota Twins,5539.0,0.4765853658536585,2.617745309426694
643376,Danny Jansen,140,Texas Rangers,4339.0,0.4454828660436137,-5.224229095698802
695600,Carter Jensen,118,Kansas City Royals,7593.0,0.4792176039119804,3.073890325364037
686780,Pedro Pagés,138,St. Louis Cardinals,4838.0,0.4765177548682703,3.295652194101563
543877,Christian Vázquez,117,Houston Astros,5799.0,0.4759179780639008,5.902512576486876
669224,Austin Wells,147,New York Yankees,8055.0,0.4896645205015249,6.575713360293649
668939,Adley Rutschman,111,Boston Red Sox,5726.0,0.4674017257909875,6.370745394343129
696100,Hunter Goodman,115,Colorado Rockies,7097.0,0.457859662877303,-0.821042227449403
693307,Dillon Dingler,116,Detroit Tigers,8377.0,0.4821996185632549,8.85280870055016
543309,Kyle Higashioka,140,Texas Rangers,3093.0,0.4507772020725388,-1.7203062423826314
608348,Carson Kelly,112,Chicago Cubs,7179.0,0.4573991031390134,0.9439452843552036
543510,James McCann,109,Arizona Diamondbacks,3140.0,0.4280762564991334,-5.397148229210172
553869,Elias Díaz,140,Texas Rangers,4481.0,0.4581551618814905,0.4027048327223029
