player_id,name,pa,era,xera,woba,xwoba
645261,Sandy Alcantara,894,3.87,3.81,0.306,0.301
650911,Cristopher Sánchez,857,2.91,3.39,0.296,0.285
608379,Michael Wacha,812,3.32,4.01,0.304,0.308
593958,Eduardo Rodriguez,788,2.9,4.3,0.3,0.318
676440,Tanner Bibee,780,4.36,4.35,0.316,0.32
669358,Shane Baz,769,4.11,4.27,0.315,0.317
693645,Cam Schlittler,761,1.95,2.85,0.243,0.262
664285,Framber Valdez,758,4.03,4.38,0.315,0.321
650633,Michael King,757,3.21,4.42,0.295,0.322
607625,Seth Lugo,751,5.17,5.09,0.36,0.343
669302,Logan Gilbert,750,3.73,3.63,0.299,0.294
669022,MacKenzie Gore,750,4.58,4.18,0.315,0.314
592332,Kevin Gausman,750,4.51,4.03,0.316,0.309
671737,Taj Bradley,748,3.73,3.98,0.294,0.307
800048,Parker Messick,747,2.56,3.15,0.274,0.275
690997,Nolan McLean,747,3.16,3.63,0.288,0.294
668909,Gavin Williams,746,3.76,3.84,0.294,0.302
702070,Noah Cameron,746,4.11,4.12,0.306,0.312
667755,José Soriano,745,3.91,4.45,0.301,0.323
605400,Aaron Nola,744,4.67,4.18,0.346,0.314
669923,George Kirby,741,4.33,4.21,0.341,0.315
672282,Reid Detmers,740,3.36,3.3,0.269,0.281
666200,Jesús Luzardo,730,2.85,2.83,0.274,0.261
642547,Freddy Peralta,730,4.42,3.84,0.323,0.302
671096,Andrew Abbott,729,4.61,4.92,0.334,0.338
663903,Brady Singer,725,5.85,5.99,0.376,0.368
607259,Nick Martinez,722,3.1,3.98,0.295,0.307
656492,Foster Griffin,721,3.6,4.35,0.311,0.32
680732,Sean Burke,716,3.34,3.78,0.302,0.3
694973,Paul Skenes,712,3.82,3.3,0.296,0.281
693433,Bryan Woo,710,4.01,3.68,0.285,0.296
641743,Anthony Kay,710,4.44,5.05,0.339,0.342
808967,Yoshinobu Yamamoto,708,2.53,2.94,0.242,0.266
684007,Shota Imanaga,706,3.77,3.81,0.309,0.301
676917,Cade Cavalli,706,3.02,3.68,0.292,0.296
518876,Merrill Kelly,704,4.94,6.35,0.35,0.377
700241,Michael McGreevy,702,3.95,5.37,0.32,0.351
592662,Robbie Ray,702,3.59,4.82,0.315,0.335
669432,Trevor Rogers,699,4.03,3.6,0.304,0.293
676282,Joey Cantillo,687,3.62,4.01,0.323,0.308
656302,Dylan Cease,685,2.4,2.92,0.253,0.265
543243,Sonny Gray,683,2.72,3.87,0.293,0.303
669467,Andre Pallante,679,3.83,4.15,0.303,0.313
701542,Will Warren,677,3.92,4.35,0.329,0.32
669461,Matthew Liberatore,674,5.23,5.02,0.356,0.341
696149,Bubba Chandler,674,4.62,4.3,0.316,0.318
687064,Brandon Young,669,3.56,4.32,0.323,0.319
656876,Drew Rasmussen,669,2.67,3.06,0.243,0.271
680694,Kyle Bradish,669,4.12,4.48,0.34,0.324
657277,Logan Webb,668,4.31,4.09,0.292,0.311
594798,Jacob deGrom,668,4.21,3.47,0.285,0.288
677952,Braxton Ashcraft,667,3.65,3.45,0.292,0.287
694819,Jacob Misiorowski,665,1.8,2.13,0.216,0.226
663567,Peter Lambert,664,3.82,3.7,0.301,0.297
656849,David Peterson,663,4.79,4.76,0.328,0.333
691587,Eury Pérez,660,3.91,4.06,0.303,0.31
694738,Landen Roupp,657,4.01,3.84,0.294,0.302
608372,Tomoyuki Sugano,656,5.37,6.35,0.356,0.377
640455,Sean Manaea,653,4.78,4.76,0.347,0.333
621111,Walker Buehler,651,4.63,4.27,0.329,0.317
519242,Chris Sale,648,2.16,2.97,0.26,0.267
677958,Kumar Rocker,645,4.38,4.48,0.33,0.324
554430,Zack Wheeler,645,3.0,2.88,0.278,0.263
656550,Grant Holmes,642,3.44,5.05,0.314,0.342
693821,Bryce Elder,633,4.11,4.15,0.313,0.313
605488,Jeffrey Springs,630,6.18,4.95,0.369,0.339
695505,Chase Burns,630,2.86,3.25,0.288,0.279
672456,Keider Montero,625,3.48,3.52,0.275,0.29
700712,Walbert Ureña,625,2.97,3.3,0.28,0.281
669160,Dustin May,621,4.7,4.45,0.317,0.323
669373,Tarik Skubal,620,2.72,2.94,0.264,0.266
547179,Michael Lorenzen,619,7.21,6.15,0.406,0.372
663436,Davis Martin,617,3.94,4.69,0.319,0.331
657746,Joe Ryan,614,3.79,3.7,0.309,0.297
641816,Tyler Mahle,614,3.99,3.95,0.311,0.306
607536,Kyle Freeland,613,6.65,5.58,0.386,0.357
543135,Nathan Eovaldi,613,4.2,4.3,0.322,0.318
624133,Ranger Suarez,612,3.22,3.63,0.286,0.294
607200,Erick Fedde,606,3.83,4.79,0.327,0.334
801139,Payton Tolle,603,3.03,2.7,0.285,0.255
695076,Rhett Lowder,603,5.74,5.44,0.349,0.353
681517,Kyle Leahy,596,3.66,4.89,0.327,0.337
527048,Martín Pérez,596,3.04,4.54,0.298,0.326
622491,Luis Castillo,592,5.86,5.02,0.361,0.341
607067,Colin Rea,587,4.34,5.37,0.328,0.351
681190,Randy Vásquez,587,3.9,5.54,0.319,0.356
669372,J.T. Ginn,580,3.71,4.12,0.303,0.312
680736,Justin Wrobleski,578,3.66,4.54,0.299,0.326
677960,Ryan Weathers,568,3.6,4.32,0.306,0.319
676106,Emerson Hancock,566,3.57,4.01,0.302,0.308
694297,Brandon Pfaadt,562,3.77,3.92,0.299,0.305
641927,Bailey Ober,561,4.47,4.66,0.325,0.33
691725,Andrew Painter,552,5.4,4.42,0.339,0.322
682052,Jacob Lopez,551,5.47,3.65,0.348,0.295
693855,Ian Seymour,551,4.21,3.55,0.308,0.291
663554,Casey Mize,549,4.32,3.87,0.318,0.303
663372,Ryan Feltner,548,5.4,4.89,0.357,0.337
805673,Zebby Matthews,545,4.9,4.38,0.328,0.321
678022,Jack Perkins,541,6.1,4.09,0.351,0.311
641793,Zack Littell,540,5.21,6.64,0.36,0.384
663969,Tyler Phillips,538,3.34,4.73,0.313,0.332
669387,Carmen Mlodzinski,537,3.95,4.89,0.31,0.337
687570,Connor Prielipp,535,4.87,3.95,0.313,0.306
677944,Slade Cecconi,528,4.91,4.76,0.342,0.333
675660,Shane Drohan,528,4.19,3.81,0.322,0.301
676083,Janson Junk,523,4.22,4.21,0.319,0.315
808963,Roki Sasaki,522,4.49,4.3,0.339,0.318
571510,Matthew Boyd,520,3.91,4.66,0.303,0.33
543037,Gerrit Cole,519,3.61,3.78,0.302,0.3
690986,Kyle Harrison,505,4.2,4.01,0.336,0.308
656605,Mitch Keller,503,5.29,5.51,0.334,0.355
678394,Brayan Bello,503,4.33,4.89,0.319,0.337
571945,Miles Mikolas,498,5.82,5.47,0.364,0.354
650644,Aaron Civale,493,4.2,4.35,0.35,0.32
681293,Spencer Arrighetti,492,4.96,5.3,0.329,0.349
663556,Shane McClanahan,487,3.36,4.3,0.273,0.318
666157,Nick Lodolo,486,4.97,6.47,0.374,0.38
682243,Bryce Miller,485,4.17,3.7,0.309,0.297
681035,Christian Scott,474,3.85,3.7,0.302,0.297
647336,Michael Soroka,473,3.41,4.12,0.282,0.312
674841,Andrew Alvarez,473,3.44,4.21,0.298,0.315
685299,Tanner Gordon,473,6.68,5.16,0.406,0.345
686218,Emmet Sheehan,472,4.57,3.57,0.32,0.292
668678,Zac Gallen,472,6.07,6.64,0.369,0.384
605288,Adrian Houser,470,4.02,4.95,0.326,0.339
663623,Jake Irvin,470,5.48,5.37,0.338,0.351
675512,Troy Melton,470,2.75,3.84,0.294,0.302
641778,Eric Lauer,466,5.23,5.05,0.347,0.342
676974,Max Meyer,462,2.68,3.89,0.282,0.304
688107,Robert Gasser,462,3.87,4.27,0.309,0.317
605135,Chris Bassitt,460,4.59,4.92,0.348,0.338
643377,Griffin Jax,459,3.52,4.27,0.296,0.317
623454,Drew Anderson,457,3.67,3.92,0.316,0.305
687562,Jake Bennett,455,3.65,3.42,0.286,0.286
686613,Hunter Brown,451,3.19,3.32,0.289,0.282
680570,Grayson Rodriguez,444,6.02,5.69,0.365,0.36
615698,Cal Quantrill,443,2.86,3.87,0.274,0.303
694477,Chad Patrick,442,3.4,4.3,0.302,0.318
695611,Gage Jump,437,5.47,4.63,0.343,0.329
696270,Ryan Johnson,437,5.04,4.86,0.333,0.336
608331,Max Fried,434,2.8,2.51,0.245,0.246
681347,Mike Burrows,423,5.99,4.82,0.375,0.335
687075,Brandon Sproat,422,5.57,5.02,0.352,0.341
605280,Clay Holmes,419,3.29,3.87,0.272,0.303
683003,Jared Jones,415,3.72,3.18,0.282,0.276
688642,Zach Agnos,407,5.93,5.3,0.351,0.349
702056,Trey Yesavage,401,3.69,3.37,0.284,0.284
805123,AJ Blubaugh,401,3.66,4.27,0.307,0.317
813349,Connelly Early,400,3.33,4.27,0.314,0.317
656427,Jack Flaherty,396,4.48,4.38,0.326,0.321
687473,Ryan Gusto,392,4.09,5.02,0.339,0.341
656288,Griffin Canning,391,5.68,4.69,0.354,0.331
693686,Spencer Miles,388,2.63,3.06,0.256,0.271
676879,Aaron Ashby,383,3.12,2.99,0.287,0.268
665871,Javier Assad,378,3.63,4.48,0.304,0.324
608718,Brent Suter,377,3.36,3.95,0.305,0.306
669194,Ryne Nelson,374,4.95,5.3,0.335,0.349
656794,Sean Newcomb,372,3.09,4.27,0.285,0.317
701656,Logan Henderson,371,2.47,2.74,0.252,0.257
592791,Jameson Taillon,370,5.65,5.96,0.364,0.367
453286,Max Scherzer,364,5.74,4.24,0.323,0.316
665152,Dean Kremer,364,4.68,4.15,0.316,0.313
670990,Yohan Ramírez,362,2.86,3.32,0.272,0.282
571578,Patrick Corbin,360,5.51,5.54,0.364,0.356
669199,Lake Bachar,358,3.43,3.39,0.282,0.285
695418,Brad Lord,357,3.78,3.92,0.295,0.305
663738,Daniel Lynch IV,356,4.08,4.63,0.299,0.329
683004,Jack Leiter,355,5.29,4.86,0.34,0.336
670970,Adrian Morejon,352,2.83,2.34,0.244,0.237
665795,Edward Cabrera,350,5.96,5.4,0.355,0.352
625643,Reynaldo López,346,4.54,4.82,0.336,0.335
677865,Justin Bruihl,346,3.71,4.48,0.308,0.324
670950,Trevor Richards,345,3.69,4.15,0.294,0.313
571927,Steven Matz,342,5.49,5.05,0.32,0.342
660271,Shohei Ohtani,340,1.79,2.74,0.239,0.257
607074,Carlos Rodón,340,2.67,3.89,0.254,0.304
837227,Tatsuya Imai,338,4.93,4.6,0.308,0.328
804267,Zac Thornton,337,3.42,4.51,0.312,0.325
691799,Grant Taylor,336,2.25,2.97,0.26,0.267
621112,Paul Blackburn,336,1.69,3.68,0.261,0.296
678906,Kai-Wei Teng,329,4.76,4.95,0.342,0.339
700669,Gordon Graceffo,326,2.67,4.6,0.262,0.328
702275,JR Ritchie,326,4.91,5.16,0.345,0.345
687396,Brent Headrick,326,2.18,3.06,0.29,0.271
702273,Noah Schultz,324,5.57,5.62,0.336,0.358
675848,Juan Mejia,323,5.27,4.73,0.345,0.332
593974,Wandy Peralta,321,3.61,4.32,0.327,0.319
702193,Andrew Morris,321,4.4,3.32,0.302,0.282
663776,Patrick Sandoval,321,5.12,4.86,0.359,0.336
677976,Randy Dobnak,321,3.51,4.86,0.325,0.336
665622,Luis Medina,317,3.08,3.87,0.311,0.303
656271,Brock Burke,314,2.3,3.65,0.282,0.295
641302,Tyler Alexander,313,3.7,3.35,0.301,0.283
622608,Antonio Senzatela,311,4.05,4.06,0.31,0.31
663687,Hogan Harris,311,3.33,3.73,0.315,0.298
686790,Trevor McDonald,310,5.12,4.09,0.323,0.311
680755,Braydon Fisher,310,3.21,4.24,0.293,0.316
679883,Luinder Avila,309,5.53,4.95,0.355,0.339
670245,Ryan Watson,307,4.0,4.69,0.308,0.331
686973,Louis Varland,307,1.27,2.37,0.228,0.239
579328,Yusei Kikuchi,305,4.92,4.76,0.346,0.333
668984,Casey Legumina,305,3.77,4.24,0.323,0.316
680573,Simeon Woods Richardson,303,6.68,5.99,0.39,0.368
666171,Ryan Zeferjahn,303,3.88,3.1,0.291,0.273
660853,Enyel De Los Santos,301,4.79,3.42,0.321,0.286
663947,Tyler Holton,301,2.75,3.78,0.316,0.3
699134,Bradgley Rodriguez,301,2.19,2.37,0.266,0.239
800311,Didier Fuentes,297,2.46,3.15,0.269,0.275
660825,Eduard Bazardo,297,4.01,4.95,0.348,0.339
672782,Yoendrys Gómez,297,4.3,5.51,0.317,0.355
686799,Jack Kochanowicz,296,6.19,5.62,0.331,0.358
678606,José A. Ferrer,295,4.17,4.09,0.333,0.311
671922,Cade Smith,295,1.95,2.83,0.241,0.261
643511,Tyler Rogers,294,1.77,2.88,0.255,0.263
676534,Calvin Faucher,294,3.56,3.65,0.276,0.295
656546,Jeff Hoffman,292,3.54,3.35,0.296,0.283
666277,George Soriano,290,4.23,4.57,0.323,0.327
670036,Matt Festa,289,3.78,3.92,0.319,0.305
607192,Tyler Glasnow,288,3.53,2.88,0.245,0.263
664199,Taylor Clarke,288,2.96,4.42,0.27,0.322
642397,Gregory Soto,285,3.63,3.03,0.283,0.27
657097,Jacob Webb,284,3.36,4.35,0.296,0.32
673540,Kodai Senga,283,7.34,5.37,0.377,0.351
687312,Gabriel Hughes,283,6.33,3.92,0.336,0.305
663542,Bryan Hudson,282,3.74,3.2,0.304,0.277
670280,David Bednar,280,2.47,2.88,0.249,0.263
687330,Kevin Kelly,279,2.44,3.37,0.246,0.284
687911,Bryan King,278,5.19,4.09,0.348,0.311
682254,Mason Montgomery,278,2.88,2.53,0.247,0.247
669330,Tyler Wells,277,2.38,2.94,0.251,0.266
660761,José Suarez,277,5.87,4.27,0.359,0.317
664299,Cristian Javier,276,5.14,4.76,0.34,0.333
676617,Riley O'Brien,276,4.08,4.99,0.303,0.34
573124,Taylor Rogers,276,4.33,4.12,0.338,0.312
656464,Kevin Ginkel,275,4.12,3.55,0.294,0.291
656638,Alex Lange,275,6.75,5.44,0.385,0.353
666808,Camilo Doval,273,4.15,3.76,0.319,0.299
621237,José Alvarado,273,5.86,4.12,0.35,0.312
695243,Mason Miller,272,1.67,1.7,0.208,0.201
663558,Jovani Morán,272,3.15,3.35,0.277,0.283
641835,Tim Mayza,271,3.48,3.47,0.289,0.288
656641,Jacob Latz,271,2.13,2.66,0.207,0.253
681217,Chase Silseth,271,3.6,4.09,0.324,0.311
622663,Luis Severino,271,4.17,4.3,0.346,0.318
640448,Kyle Finnegan,270,4.3,5.77,0.374,0.362
656848,Michael Petersen,269,3.02,3.45,0.274,0.287
650556,Bryan Abreu,268,3.73,4.12,0.324,0.312
689147,Orion Kerkering,268,4.97,3.87,0.317,0.303
606996,Kyle Hart,268,4.92,3.65,0.294,0.295
642232,Ryan Yarbrough,268,3.69,3.42,0.286,0.286
623211,Huascar Brazobán,267,2.96,3.5,0.271,0.289
657514,Brennan Bernardino,267,2.81,3.73,0.299,0.298
663978,Chris Paddack,267,6.79,5.05,0.37,0.342
592773,Ryne Stanek,267,4.02,4.09,0.314,0.311
680767,Victor Vodnik,266,4.91,4.15,0.323,0.313
676962,Ben Brown,265,1.85,3.25,0.228,0.279
670329,Rico Garcia,265,3.09,2.92,0.258,0.265
666661,Juan Morillo,264,2.24,2.45,0.254,0.243
689254,Mason Fluharty,263,3.3,2.83,0.281,0.261
544150,Albert Suárez,262,3.86,4.09,0.307,0.311
669276,Dylan Lee,262,3.09,2.64,0.248,0.252
595345,Steven Okert,261,2.13,3.13,0.251,0.274
676263,Jack Dreyer,261,3.2,3.52,0.27,0.29
642528,Jonathan Loáisiga,261,2.42,3.01,0.257,0.269
673513,Yuki Matsui,260,1.83,3.03,0.267,0.27
622554,Seranthony Domínguez,260,3.63,3.65,0.296,0.295
676760,Ron Marinaccio,260,6.09,5.23,0.371,0.347
667297,Tommy Nance,258,3.92,4.45,0.314,0.323
815083,Mitch Farris,258,4.05,4.95,0.355,0.339
683769,Hunter Gaddis,257,2.98,4.09,0.3,0.311
594580,Sam Moll,257,4.79,4.48,0.329,0.324
669020,Ryan Rolison,256,3.14,4.03,0.303,0.309
689296,Anthony Nunez,255,4.07,3.92,0.29,0.305
669711,Greg Weissert,255,3.26,3.6,0.304,0.293
656945,Tanner Scott,251,2.69,3.03,0.25,0.27
642701,Dennis Santana,250,5.56,4.69,0.344,0.331
664141,JT Brubaker,250,3.58,5.02,0.294,0.341
682608,Peyton Gray,249,3.86,3.57,0.317,0.292
701519,Travis Adams,247,4.58,4.18,0.324,0.314
670167,John Schreiber,246,3.28,4.03,0.3,0.309
674444,Steven Cruz,246,4.29,4.06,0.336,0.31
669713,Hayden Wesneski,246,3.25,3.81,0.281,0.301
641329,Bryan Baker,244,1.44,3.08,0.231,0.272
683618,Edgardo Henriquez,242,2.85,2.47,0.248,0.244
656730,Trevor Megill,242,2.63,2.64,0.208,0.252
669456,Shane Bieber,242,4.37,5.99,0.335,0.368
657612,Tim Hill,241,4.6,4.51,0.32,0.325
669084,DL Hall,241,1.91,3.45,0.246,0.287
662253,Andrés Muñoz,240,4.24,3.27,0.296,0.28
682120,Tim Herrin,240,3.02,3.89,0.308,0.304
628452,Raisel Iglesias,239,2.55,3.5,0.274,0.289
820862,José Fermin,238,3.86,4.6,0.313,0.328
668941,JoJo Romero,238,3.35,4.45,0.305,0.323
596133,Luke Weaver,238,2.69,3.08,0.252,0.272
681911,Alex Vesia,237,2.64,2.68,0.233,0.254
623474,Jimmy Herget,237,5.7,4.51,0.366,0.325
608566,Germán Márquez,236,5.26,5.77,0.371,0.362
661395,Jhoan Duran,236,1.82,2.06,0.244,0.222
642121,Cole Sulser,236,4.31,4.38,0.306,0.321
681982,Grant Anderson,235,3.36,3.15,0.297,0.275
622088,Tejay Antone,235,3.11,3.7,0.29,0.297
694918,Blade Tidwell,235,4.45,4.27,0.304,0.317
682842,Abner Uribe,234,1.97,2.81,0.239,0.26
518585,Fernando Cruz,234,3.13,3.3,0.307,0.281
596001,Jakob Junis,234,3.64,4.45,0.291,0.323
641755,Tyler Kinley,232,3.45,3.47,0.296,0.288
690928,Hunter Dobbins,231,3.67,3.95,0.322,0.306
682227,Brandon Williamson,231,5.3,6.03,0.344,0.369
668964,Tobias Myers,230,5.53,4.15,0.341,0.313
680742,Jonathan Bowlan,229,3.35,2.85,0.276,0.262
665660,Elvis Alvarado,229,3.9,4.42,0.319,0.322
686930,Mason Barnett,229,7.02,5.09,0.386,0.343
668674,Lucas Erceg,228,5.59,4.66,0.376,0.33
669062,Erik Miller,227,2.98,3.15,0.288,0.275
664991,Grant Wolfram,226,4.3,3.5,0.318,0.289
663460,Kris Bubic,226,3.76,4.21,0.281,0.315
663568,Stephen Kolek,224,4.5,3.87,0.328,0.303
548384,Brooks Raley,224,3.25,3.98,0.312,0.307
663767,Chase Shugart,223,4.03,3.78,0.314,0.3
670059,Colin Holderman,222,2.73,3.87,0.254,0.303
681892,Kody Funderburk,222,3.71,3.73,0.29,0.298
806188,Cade Gibson,221,5.36,3.47,0.319,0.288
623149,Paul Sewald,219,4.72,4.12,0.302,0.312
696147,Sam Bachman,217,4.81,4.03,0.324,0.309
663855,Jordan Hicks,216,3.94,2.85,0.309,0.262
681810,Austin Warren,216,4.11,4.66,0.328,0.33
668390,Cole Winn,215,5.63,4.89,0.342,0.337
552640,Andrew Kittredge,215,3.54,4.01,0.314,0.308
547973,Aroldis Chapman,213,1.92,2.64,0.263,0.252
500779,Jose Quintana,212,5.44,5.58,0.37,0.357
573204,Caleb Thielbar,211,4.86,4.6,0.327,0.328
572955,Pierce Johnson,211,4.62,4.92,0.326,0.338
687273,Quinn Mathews,211,3.83,3.84,0.317,0.302
669947,Jesse Scholtens,209,4.34,5.19,0.355,0.346
668873,Caleb Kilian,209,4.91,3.57,0.302,0.292
690925,Clayton Beeter,209,4.5,4.79,0.315,0.334
694335,Matt Svanson,207,7.27,6.03,0.364,0.369
666974,Yennier Cano,203,2.9,3.35,0.25,0.283
681870,Erik Sabrowski,203,2.61,2.62,0.258,0.251
