player_id,name,pa,brl_pa,brl_pct,hardhit,avg_ev,slg,xslg,xiso,woba,xwoba
650333,Luis Arraez,655,1.1,1.2,19.4,86.4,0.419,0.377,0.08800000000000002,0.331,0.307
663538,Nico Hoerner,687,1.2,1.4,29.2,86.0,0.351,0.376,0.07800000000000001,0.298,0.323
672640,Otto Lopez,687,4.8,6.0,40.8,89.1,0.437,0.417,0.13599999999999995,0.342,0.327
802415,Chandler Simpson,612,0.0,0.0,13.4,83.6,0.356,0.297,0.035999999999999976,0.305,0.263
676391,Ernie Clement,618,1.8,2.1,20.7,84.3,0.366,0.318,0.07700000000000001,0.286,0.258
645277,Ozzie Albies,681,2.9,3.8,27.7,87.1,0.393,0.338,0.11600000000000002,0.299,0.274
650490,Yandy Díaz,686,5.4,7.1,48.1,90.9,0.446,0.439,0.15799999999999997,0.351,0.346
647304,Josh Naylor,646,3.6,4.5,35.9,87.1,0.349,0.383,0.11299999999999999,0.297,0.312
666182,Bo Bichette,691,4.8,6.4,41.8,89.6,0.392,0.425,0.14399999999999996,0.31,0.332
608324,Alex Bregman,697,4.4,6.1,37.4,88.1,0.449,0.382,0.133,0.35,0.322
805808,Kevin McGonigle,704,5.1,7.1,37.5,87.8,0.424,0.444,0.18,0.355,0.355
665487,Fernando Tatis Jr.,704,9.1,12.7,53.9,92.9,0.47,0.5,0.20400000000000001,0.358,0.379
643289,Mauricio Dubón,615,3.1,3.8,29.3,86.4,0.393,0.373,0.10599999999999998,0.314,0.303
607208,Trea Turner,695,4.3,6.0,39.0,88.4,0.378,0.362,0.121,0.297,0.292
672695,Geraldo Perdomo,676,2.2,3.1,31.9,87.6,0.377,0.354,0.09499999999999997,0.336,0.332
691406,Junior Caminero,700,9.1,13.1,49.6,92.7,0.526,0.5,0.22699999999999998,0.377,0.364
676475,Alec Burleson,670,8.2,11.3,50.0,92.0,0.473,0.522,0.23300000000000004,0.353,0.374
808982,Jung Hoo Lee,579,1.9,2.3,31.5,87.5,0.404,0.382,0.09400000000000003,0.317,0.315
680757,Steven Kwan,637,0.3,0.4,10.5,83.9,0.349,0.343,0.065,0.334,0.329
686797,Brooks Lee,627,3.3,4.3,33.9,88.1,0.43,0.352,0.12099999999999997,0.317,0.278
664761,Alec Bohm,625,4.6,6.0,43.8,90.6,0.384,0.413,0.14799999999999996,0.308,0.327
661388,William Contreras,640,6.4,8.5,44.1,90.3,0.417,0.441,0.18,0.33,0.334
695734,Daylen Lile,651,7.1,9.6,38.1,88.6,0.431,0.445,0.188,0.314,0.326
670623,Isaac Paredes,655,3.5,4.8,29.5,86.1,0.449,0.374,0.128,0.356,0.323
671739,Michael Harris II,621,7.9,10.3,47.6,90.5,0.491,0.477,0.187,0.35,0.342
606466,Ketel Marte,620,7.1,9.2,42.6,90.1,0.434,0.455,0.179,0.324,0.345
701398,Sal Stewart,696,8.2,12.0,41.6,90.4,0.46,0.467,0.21000000000000002,0.341,0.344
671056,Iván Herrera,713,3.9,6.0,40.5,89.4,0.384,0.386,0.138,0.33,0.334
702284,Cole Young,634,3.8,5.1,37.7,88.3,0.381,0.391,0.132,0.306,0.315
678246,Miguel Vargas,704,8.7,13.0,43.8,90.1,0.474,0.496,0.23299999999999998,0.363,0.378
683002,Gunnar Henderson,702,5.1,7.7,43.3,89.2,0.404,0.401,0.15500000000000003,0.314,0.322
518692,Freddie Freeman,654,5.8,8.1,41.2,89.5,0.432,0.464,0.17300000000000004,0.349,0.364
665489,Vladimir Guerrero Jr.,609,5.3,6.9,44.3,90.3,0.356,0.4,0.12,0.306,0.331
521692,Salvador Perez,624,7.9,10.5,42.6,89.2,0.383,0.437,0.188,0.285,0.315
681198,TJ Rumfield,631,3.6,5.0,27.9,84.3,0.453,0.386,0.125,0.373,0.333
677800,Wilyer Abreu,677,8.6,12.6,43.5,89.8,0.448,0.47,0.21699999999999997,0.336,0.347
701538,Jackson Merrill,664,8.6,12.4,48.7,91.5,0.44,0.491,0.22099999999999997,0.321,0.347
621566,Matt Olson,696,9.3,14.2,51.9,92.5,0.504,0.503,0.256,0.352,0.351
677587,Brayan Rocchio,592,2.2,2.8,30.0,87.0,0.391,0.35,0.10399999999999998,0.312,0.294
664983,Jake McCarthy,592,4.2,5.5,28.4,85.3,0.478,0.41,0.13699999999999996,0.351,0.321
592518,Manny Machado,675,6.5,9.7,43.5,90.1,0.407,0.42,0.178,0.31,0.327
701807,Carson Benge,649,5.1,7.3,38.8,88.8,0.429,0.437,0.15899999999999997,0.34,0.341
677594,Julio Rodríguez,649,6.2,8.9,44.1,90.3,0.404,0.442,0.176,0.313,0.336
677951,Bobby Witt Jr.,628,8.1,11.3,50.7,92.3,0.444,0.507,0.203,0.348,0.38
807712,Luke Keaschall,615,2.8,3.8,29.2,85.4,0.409,0.369,0.118,0.347,0.32
670541,Yordan Alvarez,686,10.5,16.0,53.9,94.4,0.605,0.64,0.321,0.43,0.443
693304,Nick Gonzales,604,2.3,3.1,33.9,86.4,0.388,0.384,0.10399999999999998,0.338,0.325
605137,Josh Bell,627,6.7,9.4,42.0,89.9,0.413,0.442,0.186,0.321,0.333
666176,Jo Adell,656,5.9,8.7,44.5,90.3,0.395,0.438,0.183,0.303,0.325
669364,Xavier Edwards,595,2.4,3.2,28.4,86.8,0.371,0.356,0.09799999999999998,0.325,0.311
607043,Brandon Nimmo,651,6.1,9.0,50.5,92.0,0.406,0.444,0.176,0.321,0.34
691718,Pete Crow-Armstrong,725,8.1,13.3,48.5,90.6,0.57,0.508,0.245,0.399,0.374
681082,Bryson Stott,604,4.3,5.9,37.3,89.3,0.394,0.4,0.134,0.321,0.329
624413,Pete Alonso,700,9.6,15.3,56.2,93.9,0.522,0.563,0.27799999999999997,0.379,0.402
683737,Michael Busch,707,5.7,9.2,39.8,88.4,0.395,0.402,0.169,0.334,0.332
663656,Kyle Tucker,622,4.5,6.4,36.5,88.5,0.387,0.393,0.138,0.319,0.332
682998,Corbin Carroll,668,7.9,12.2,47.9,91.8,0.466,0.447,0.197,0.341,0.342
691023,Jordan Walker,663,8.7,13.3,50.0,92.7,0.469,0.463,0.2,0.346,0.34
702332,Caleb Durbin,582,2.1,2.8,25.2,83.1,0.379,0.318,0.08200000000000002,0.318,0.293
668804,Bryan Reynolds,697,7.0,11.2,47.9,90.8,0.424,0.444,0.189,0.349,0.355
802139,JJ Wetherholt,619,5.2,7.4,44.9,89.7,0.365,0.435,0.18,0.318,0.347
805367,Chase Meidroth,643,3.1,4.6,34.6,87.2,0.415,0.348,0.10899999999999999,0.339,0.301
547180,Bryce Harper,688,6.4,10.2,43.0,89.9,0.483,0.48,0.20899999999999996,0.375,0.38
668227,Randy Arozarena,666,5.3,8.2,43.5,90.9,0.483,0.419,0.16099999999999998,0.378,0.348
678882,Ceddanne Rafaela,574,4.0,5.4,32.0,86.4,0.442,0.362,0.11299999999999999,0.33,0.284
689414,Liam Hicks,550,2.9,3.7,27.1,84.6,0.429,0.358,0.09699999999999998,0.35,0.319
572233,Christian Walker,630,6.3,9.4,40.8,89.1,0.421,0.394,0.167,0.312,0.303
666018,Jonathan Aranda,666,6.3,9.9,45.9,91.0,0.433,0.438,0.184,0.347,0.343
682928,CJ Abrams,650,6.8,10.4,40.7,89.6,0.496,0.435,0.188,0.357,0.332
671277,Luis García Jr.,543,9.4,12.1,46.1,91.4,0.521,0.486,0.20999999999999996,0.355,0.341
605141,Mookie Betts,526,6.3,7.8,38.0,90.2,0.456,0.437,0.15799999999999997,0.34,0.341
691594,Javier Sanoja,486,2.5,2.9,31.7,87.0,0.462,0.357,0.08499999999999996,0.345,0.294
643446,Jeff McNeil,516,1.4,1.7,29.8,86.3,0.371,0.359,0.08799999999999997,0.304,0.3
686948,Drake Baldwin,615,8.8,12.9,50.6,91.5,0.459,0.505,0.22599999999999998,0.358,0.37
693307,Dillon Dingler,607,6.9,10.1,43.4,88.8,0.446,0.468,0.202,0.325,0.344
800050,Chase DeLauter,559,4.7,6.3,46.3,91.4,0.457,0.427,0.14999999999999997,0.359,0.346
593428,Xander Bogaerts,606,3.8,5.5,42.3,89.6,0.344,0.376,0.128,0.306,0.325
700250,Ben Rice,667,8.8,14.3,48.6,91.9,0.534,0.511,0.244,0.384,0.378
641355,Cody Bellinger,562,4.8,6.5,37.8,89.2,0.429,0.411,0.13999999999999996,0.336,0.335
668930,Brice Turang,676,4.7,7.7,41.5,90.2,0.452,0.428,0.174,0.359,0.344
571448,Nolan Arenado,596,4.9,7.0,31.1,85.1,0.474,0.365,0.13499999999999998,0.349,0.299
608070,José Ramírez,544,3.1,4.1,38.8,88.6,0.368,0.391,0.125,0.301,0.325
514888,Jose Altuve,568,3.0,4.1,31.6,85.7,0.397,0.325,0.101,0.309,0.271
545121,Ildemaro Vargas,486,2.7,3.2,35.0,87.4,0.377,0.363,0.09499999999999997,0.295,0.297
665019,Kody Clemens,579,7.8,11.1,46.1,91.9,0.461,0.453,0.2,0.327,0.333
687263,Zach Neto,699,6.7,11.6,41.4,89.9,0.438,0.411,0.19499999999999998,0.337,0.317
672515,Gabriel Moreno,549,5.6,7.7,42.2,89.3,0.486,0.451,0.16200000000000003,0.38,0.363
677649,Ezequiel Duran,593,4.0,6.0,38.6,88.9,0.422,0.37,0.126,0.326,0.301
664040,Brandon Lowe,655,7.6,12.4,45.8,91.0,0.494,0.445,0.20500000000000002,0.355,0.331
681624,Andy Pages,569,5.4,7.7,42.1,88.8,0.463,0.438,0.16499999999999998,0.35,0.342
646240,Rafael Devers,633,7.9,12.5,51.6,93.0,0.525,0.473,0.235,0.367,0.342
803011,Sam Antonacci,553,3.6,5.0,33.6,87.5,0.392,0.397,0.11500000000000005,0.342,0.346
805300,Jakob Marsee,616,2.4,3.8,34.5,87.3,0.359,0.334,0.101,0.321,0.314
680776,Jarren Duran,606,5.9,9.1,39.8,89.6,0.362,0.389,0.15200000000000002,0.275,0.301
543760,Marcus Semien,543,4.2,5.9,33.6,86.7,0.339,0.376,0.135,0.276,0.3
673548,Seiya Suzuki,634,6.6,10.7,38.9,88.6,0.473,0.427,0.181,0.366,0.34
669394,Jake Burger,616,7.8,12.3,45.5,90.1,0.424,0.422,0.19399999999999998,0.318,0.316
672960,Kazuma Okamoto,633,8.1,13.1,44.1,90.6,0.454,0.447,0.222,0.332,0.328
669016,Brandon Marsh,564,5.5,8.0,42.7,89.2,0.41,0.402,0.15100000000000002,0.31,0.302
694192,Jackson Chourio,569,8.4,12.4,47.0,91.6,0.485,0.474,0.21099999999999997,0.359,0.343
682829,Elly De La Cruz,632,9.8,16.1,53.5,94.7,0.517,0.507,0.22599999999999998,0.381,0.377
665926,Andrés Giménez,505,2.6,3.4,24.8,85.4,0.361,0.333,0.09600000000000003,0.286,0.275
662139,Daulton Varsho,526,4.9,6.9,36.5,86.7,0.355,0.354,0.12599999999999997,0.281,0.283
660271,Shohei Ohtani,615,9.9,16.4,52.0,93.3,0.513,0.552,0.26600000000000007,0.377,0.397
621493,Taylor Ward,607,3.1,5.1,38.3,88.7,0.311,0.36,0.119,0.312,0.334
663586,Austin Riley,626,7.3,12.5,44.3,91.3,0.366,0.398,0.18400000000000002,0.291,0.3
543807,George Springer,515,4.7,6.5,38.6,88.6,0.402,0.38,0.14200000000000002,0.319,0.306
686527,Dominic Canzone,528,8.5,12.3,44.8,91.1,0.486,0.492,0.21799999999999997,0.354,0.359
695506,Jac Caglianone,549,8.7,13.1,54.4,93.2,0.492,0.499,0.21700000000000003,0.359,0.357
701358,Cam Smith,563,7.3,11.2,43.3,88.6,0.389,0.419,0.18499999999999997,0.291,0.316
656941,Kyle Schwarber,696,8.0,15.4,49.2,92.3,0.501,0.486,0.251,0.367,0.363
695600,Carter Jensen,603,7.6,12.6,44.8,91.5,0.467,0.423,0.206,0.341,0.318
691026,Masyn Winn,532,2.3,3.3,34.9,88.3,0.317,0.329,0.08400000000000002,0.283,0.297
682985,Riley Greene,588,9.0,14.8,46.1,89.9,0.477,0.501,0.238,0.369,0.372
701675,Nathan Church,466,4.1,5.3,30.0,85.6,0.367,0.355,0.11199999999999999,0.29,0.283
664023,Ian Happ,631,6.3,11.2,42.1,89.3,0.416,0.392,0.18400000000000002,0.328,0.314
686681,Michael Massey,452,4.9,6.2,39.0,89.3,0.428,0.414,0.15699999999999997,0.317,0.307
664770,Nathan Lukes,450,2.0,2.5,29.1,86.9,0.387,0.348,0.08999999999999997,0.317,0.293
671976,Tristan Peters,490,3.9,5.4,34.2,87.5,0.438,0.385,0.136,0.34,0.314
656775,Cedric Mullins,498,3.0,4.3,33.0,88.1,0.345,0.312,0.12,0.281,0.265
545361,Mike Trout,634,8.8,16.0,46.3,90.1,0.421,0.487,0.23199999999999998,0.354,0.381
702222,Justin Crawford,461,1.5,2.0,35.2,87.1,0.354,0.328,0.07200000000000001,0.294,0.284
696285,Jacob Young,467,4.3,5.8,31.4,87.7,0.391,0.386,0.128,0.314,0.315
686469,Vinnie Pasquantino,477,6.5,8.9,41.5,89.9,0.412,0.428,0.175,0.326,0.333
571970,Max Muncy,556,7.9,12.7,45.7,89.9,0.487,0.464,0.22400000000000003,0.359,0.345
696100,Hunter Goodman,570,8.8,14.5,44.2,89.7,0.532,0.458,0.229,0.357,0.322
668709,JJ Bleday,541,6.1,9.6,40.1,88.4,0.413,0.42,0.181,0.325,0.339
663968,Jake Mangum,475,1.7,2.3,27.8,85.9,0.361,0.329,0.08400000000000002,0.308,0.283
678662,Ezequiel Tovar,503,4.8,7.0,33.2,87.3,0.353,0.371,0.145,0.27,0.28
683953,Travis Bazzana,513,3.5,5.2,36.7,87.8,0.411,0.35,0.12399999999999997,0.33,0.301
695657,Colson Montgomery,634,6.5,12.0,41.2,88.6,0.406,0.39,0.19,0.302,0.296
687093,Vaughn Grissom,470,4.9,6.8,35.6,87.4,0.389,0.381,0.136,0.309,0.311
694384,Nolan Schanuel,446,1.8,2.4,32.9,87.4,0.385,0.389,0.10300000000000004,0.328,0.335
683083,Nasim Nuñez,489,0.6,0.9,21.5,85.0,0.241,0.273,0.05200000000000002,0.25,0.267
695578,James Wood,619,10.2,18.7,58.8,95.4,0.506,0.55,0.279,0.385,0.404
664034,Ty France,495,6.3,9.2,47.6,91.6,0.502,0.424,0.174,0.372,0.328
679529,Spencer Torkelson,610,6.7,12.2,42.0,89.5,0.436,0.393,0.18200000000000002,0.337,0.314
668904,Royce Lewis,505,6.9,10.4,39.7,89.7,0.373,0.39,0.15400000000000003,0.289,0.303
671732,Lawrence Butler,536,5.4,8.7,45.0,89.8,0.392,0.399,0.15400000000000003,0.318,0.327
663757,Trent Grisham,484,6.6,9.6,45.3,90.6,0.395,0.429,0.184,0.311,0.337
665742,Juan Soto,477,9.6,13.9,47.9,92.5,0.522,0.572,0.27699999999999997,0.389,0.411
665161,Jeremy Peña,477,5.0,7.3,39.4,88.6,0.477,0.433,0.16499999999999998,0.348,0.328
642715,Willy Adames,505,5.7,8.9,38.8,87.4,0.424,0.391,0.169,0.311,0.296
686555,Isaac Collins,515,3.1,4.9,39.1,88.0,0.321,0.302,0.08399999999999999,0.293,0.292
673962,Josh Jung,444,5.2,7.2,49.2,90.7,0.462,0.44,0.15500000000000003,0.362,0.348
641343,Jake Bauers,574,7.7,13.7,52.0,92.1,0.486,0.465,0.21400000000000002,0.382,0.37
641487,J.P. Crawford,486,4.1,6.3,34.5,87.7,0.352,0.36,0.12599999999999997,0.312,0.319
596019,Francisco Lindor,464,6.0,8.8,49.2,91.5,0.415,0.427,0.19,0.318,0.327
665862,Jazz Chisholm Jr.,532,4.9,8.2,42.8,90.4,0.399,0.366,0.15,0.312,0.294
687859,Troy Johnston,445,1.6,2.2,36.5,89.7,0.397,0.376,0.09999999999999998,0.332,0.323
621020,Dansby Swanson,482,4.8,7.3,40.7,89.4,0.4,0.381,0.161,0.307,0.302
592663,J.T. Realmuto,463,3.7,5.4,39.7,89.6,0.329,0.386,0.137,0.275,0.317
805999,A.J. Ewing,488,4.7,7.3,42.0,89.5,0.379,0.398,0.14300000000000002,0.312,0.319
643217,Andrew Benintendi,468,5.8,8.5,45.1,89.3,0.413,0.398,0.15800000000000003,0.311,0.307
575929,Willson Contreras,533,7.9,13.3,44.0,89.8,0.518,0.486,0.22999999999999998,0.393,0.377
665750,Leody Taveras,482,2.7,4.1,32.6,88.0,0.345,0.32,0.10600000000000001,0.282,0.273
687462,Spencer Horwitz,447,4.0,5.7,30.5,86.8,0.366,0.347,0.11899999999999997,0.321,0.311
669127,Shea Langeliers,464,9.1,13.4,43.3,91.3,0.474,0.493,0.22599999999999998,0.346,0.353
691720,Kyle Karros,471,5.5,8.3,41.0,89.6,0.415,0.405,0.15300000000000002,0.337,0.336
681715,Heriberto Hernández,501,7.8,12.5,47.8,91.4,0.432,0.467,0.22700000000000004,0.326,0.344
669477,Casey Schmitt,409,9.3,12.3,44.8,89.9,0.483,0.512,0.22400000000000003,0.336,0.355
608348,Carson Kelly,425,3.8,5.2,36.1,86.7,0.376,0.372,0.128,0.32,0.311
592885,Christian Yelich,496,6.0,9.7,43.2,89.0,0.379,0.388,0.157,0.305,0.31
656811,Ryan O'Hearn,448,4.7,6.8,42.3,89.1,0.443,0.399,0.15000000000000002,0.339,0.316
676609,José Caballero,456,2.9,4.2,25.6,83.8,0.365,0.333,0.10600000000000001,0.29,0.278
660670,Ronald Acuña Jr.,469,8.5,13.0,43.5,89.6,0.451,0.495,0.23399999999999999,0.348,0.366
606192,Teoscar Hernández,488,6.8,10.7,45.3,90.3,0.428,0.438,0.181,0.335,0.333
691016,Tyler Soderstrom,453,6.4,9.5,45.4,90.7,0.472,0.411,0.16499999999999998,0.35,0.327
679845,Nick Loftin,426,3.1,4.2,29.7,86.8,0.388,0.335,0.10700000000000001,0.315,0.293
663616,Trevor Larnach,433,5.3,7.5,36.7,87.7,0.436,0.394,0.135,0.347,0.327
656716,Zach McKinstry,420,1.4,2.0,22.6,85.8,0.296,0.312,0.07999999999999999,0.267,0.286
686217,Sal Frelick,381,1.8,2.3,27.1,85.6,0.321,0.322,0.08300000000000002,0.277,0.28
682657,Angel Martínez,412,5.3,7.3,35.9,87.6,0.47,0.404,0.15100000000000002,0.329,0.302
690993,Colt Keith,423,5.4,7.6,42.1,88.7,0.406,0.423,0.15099999999999997,0.321,0.333
680574,Matt McLain,493,5.5,9.0,35.5,87.8,0.336,0.362,0.149,0.274,0.294
650489,Willi Castro,477,5.0,8.0,39.9,87.6,0.417,0.39,0.15400000000000003,0.33,0.309
694671,Wyatt Langford,467,5.1,8.0,36.9,88.6,0.423,0.388,0.157,0.334,0.319
668939,Adley Rutschman,407,4.9,6.7,38.5,88.9,0.417,0.408,0.15499999999999997,0.319,0.325
687401,Joey Ortiz,415,2.9,4.0,37.6,89.2,0.402,0.346,0.10299999999999998,0.321,0.297
683146,Brett Baty,469,6.6,10.4,41.9,90.4,0.375,0.415,0.17099999999999999,0.305,0.323
660688,Keibert Ruiz,354,4.2,5.0,36.6,88.1,0.443,0.374,0.127,0.329,0.289
669003,Garrett Mitchell,527,6.5,11.5,52.5,93.2,0.417,0.444,0.177,0.34,0.351
686611,Dylan Crews,439,6.4,9.5,42.7,90.1,0.372,0.421,0.18,0.294,0.318
641680,Jonah Heim,390,4.4,5.8,32.3,87.3,0.366,0.361,0.13399999999999998,0.276,0.285
666160,Mickey Moniak,436,6.4,9.6,41.6,89.7,0.48,0.392,0.18000000000000002,0.322,0.279
680869,Zack Gelof,431,7.2,10.7,42.9,89.7,0.479,0.442,0.203,0.349,0.326
669065,Kyle Stowers,512,7.2,12.8,56.4,92.5,0.459,0.437,0.21,0.341,0.329
663886,Tyler Stephenson,468,7.5,12.2,44.1,90.8,0.404,0.426,0.191,0.32,0.326
694497,Evan Carter,453,3.1,4.9,34.8,87.5,0.315,0.32,0.11400000000000002,0.275,0.28
663728,Cal Raleigh,525,7.8,14.3,39.5,90.1,0.365,0.393,0.20500000000000002,0.295,0.31
663993,Nathaniel Lowe,425,5.6,8.4,41.6,89.6,0.446,0.437,0.16999999999999998,0.33,0.335
671218,Heliot Ramos,442,8.8,13.7,48.4,92.2,0.411,0.446,0.19,0.312,0.329
673237,Yainer Diaz,356,5.6,7.0,38.2,89.2,0.457,0.416,0.14399999999999996,0.333,0.313
665877,José Fermín,366,1.6,2.1,31.4,86.1,0.359,0.338,0.08800000000000002,0.298,0.293
630105,Jake Cronenworth,420,2.6,3.9,29.4,87.2,0.323,0.307,0.093,0.285,0.272
703607,Henry Bolte,469,4.9,8.2,48.8,91.0,0.409,0.377,0.13,0.344,0.318
666126,Carlos Cortes,379,4.5,6.0,35.7,88.4,0.399,0.369,0.127,0.317,0.301
608369,Corey Seager,432,9.5,14.6,48.9,91.9,0.418,0.483,0.23099999999999998,0.318,0.35
670764,Taylor Walls,433,1.4,2.1,21.9,85.6,0.298,0.261,0.07100000000000001,0.278,0.251
650402,Gleyber Torres,420,4.0,6.1,32.3,86.2,0.363,0.368,0.11599999999999999,0.328,0.325
657757,Gavin Sheets,417,4.6,6.8,38.1,87.3,0.388,0.374,0.147,0.312,0.313
680700,Richie Palacios,395,2.8,4.0,29.2,86.5,0.378,0.336,0.09100000000000003,0.319,0.308
691723,Coby Mayo,454,8.1,13.5,47.3,91.3,0.461,0.478,0.243,0.329,0.336
592626,Joc Pederson,432,7.2,11.3,50.9,92.1,0.487,0.445,0.203,0.352,0.343
687551,Drew Gilbert,390,4.1,5.9,37.4,86.8,0.396,0.401,0.14,0.321,0.334
621439,Byron Buxton,408,10.5,15.8,46.7,90.2,0.511,0.488,0.24,0.355,0.343
676356,Jonny DeLuca,366,2.2,3.0,29.9,85.8,0.41,0.32,0.089,0.309,0.259
805811,Bryce Eldridge,448,6.9,11.5,52.2,92.7,0.461,0.467,0.20700000000000002,0.361,0.359
553993,Eugenio Suárez,498,6.6,12.3,36.2,88.5,0.433,0.379,0.178,0.324,0.303
650859,Luis Rengifo,354,3.1,4.1,34.3,87.7,0.317,0.345,0.09199999999999997,0.289,0.304
678391,Jorbit Vivas,364,2.2,3.0,21.5,82.9,0.322,0.309,0.07300000000000001,0.298,0.292
666152,David Hamilton,384,2.3,3.4,27.9,86.9,0.336,0.315,0.09,0.293,0.276
502671,Paul Goldschmidt,380,6.8,9.9,35.9,86.8,0.452,0.414,0.176,0.331,0.311
573262,Mike Yastrzemski,404,4.2,6.5,42.7,90.3,0.384,0.367,0.131,0.309,0.309
672580,Maikel Garcia,340,3.2,4.2,40.0,89.7,0.38,0.366,0.09499999999999997,0.315,0.315
694212,Samuel Basallo,399,7.8,12.1,42.8,90.4,0.406,0.439,0.205,0.303,0.318
808959,Munetaka Murakami,549,9.5,20.3,56.6,93.9,0.478,0.465,0.263,0.356,0.349
668715,Spencer Steer,384,7.8,11.7,39.1,89.7,0.421,0.452,0.20600000000000002,0.326,0.342
605170,Victor Caratini,382,4.2,6.3,38.0,89.3,0.315,0.356,0.13199999999999998,0.285,0.306
669707,Jared Triolo,361,1.7,2.4,32.9,86.3,0.303,0.317,0.07500000000000001,0.279,0.285
680777,Ryan Jeffers,365,7.1,10.4,41.0,88.7,0.455,0.426,0.184,0.35,0.34
695731,Braden Montgomery,361,3.0,4.4,41.0,88.9,0.351,0.391,0.136,0.299,0.326
655316,Andruw Monasterio,344,4.7,6.5,31.5,87.5,0.374,0.354,0.12299999999999997,0.296,0.289
676724,Jared Young,342,5.6,7.7,46.8,90.4,0.429,0.4,0.15000000000000002,0.333,0.321
694249,Cole Carrigg,368,4.1,6.0,37.5,88.0,0.471,0.404,0.15400000000000003,0.35,0.315
682626,Francisco Alvarez,420,9.0,15.4,48.0,90.8,0.399,0.431,0.20099999999999998,0.313,0.322
701678,Hao-Yu Lee,360,5.8,8.6,41.2,89.6,0.429,0.396,0.16000000000000003,0.329,0.304
702616,Jackson Holliday,354,4.2,6.4,33.1,87.0,0.34,0.352,0.11599999999999999,0.284,0.293
694208,Moisés Ballesteros,348,5.7,8.5,45.8,90.2,0.334,0.363,0.13799999999999998,0.275,0.29
694374,Tim Tawa,347,7.2,10.6,44.1,90.6,0.395,0.421,0.173,0.303,0.317
657041,Lane Thomas,374,4.0,6.4,40.9,89.3,0.383,0.365,0.127,0.313,0.311
668885,Austin Martin,354,2.0,3.0,28.5,86.8,0.318,0.316,0.08399999999999999,0.305,0.304
669224,Austin Wells,388,4.6,7.7,42.7,89.3,0.332,0.36,0.152,0.281,0.3
672724,Oswald Peraza,366,3.8,6.1,36.1,87.6,0.335,0.332,0.10700000000000001,0.276,0.274
665833,Oneil Cruz,419,8.4,15.3,53.7,94.1,0.486,0.472,0.22099999999999997,0.371,0.352
691781,Brady House,351,6.3,9.6,47.6,90.0,0.397,0.435,0.16899999999999998,0.312,0.333
656305,Matt Chapman,352,4.3,6.6,35.8,88.2,0.368,0.319,0.10900000000000001,0.309,0.286
687637,Dylan Beavers,363,5.2,8.4,38.3,87.8,0.373,0.369,0.15,0.302,0.295
672275,Patrick Bailey,343,5.0,7.6,42.4,90.5,0.338,0.401,0.15900000000000003,0.272,0.309
641857,Ryan McMahon,360,5.6,8.9,44.8,90.5,0.357,0.381,0.151,0.282,0.297
681297,Colton Cowser,392,5.4,9.4,41.1,87.9,0.37,0.4,0.17900000000000002,0.307,0.315
681393,Connor Norby,379,4.5,7.7,36.2,87.4,0.376,0.364,0.147,0.323,0.307
701762,Nick Kurtz,434,8.8,18.0,57.3,93.4,0.483,0.483,0.239,0.381,0.374
666139,Josh Lowe,339,5.6,9.1,37.5,88.8,0.362,0.375,0.165,0.28,0.286
624585,Jorge Soler,361,6.1,10.9,42.6,88.5,0.373,0.362,0.156,0.295,0.294
700932,Kyle Manzardo,356,6.7,12.0,41.0,89.5,0.378,0.38,0.16,0.305,0.307
